Title,channel_title,published_at,view_count,like_count,comment_count,definition,duration_seconds
LA PERVERSA X LA INSUPERABLE X ALOFOKE MUSIC X SHADOW BLOW - BANDIDA,AlofokeMusicSounds,2025-11-16 15:34:55+00:00,1405647,140463,9063,hd,111
Moana | Official Teaser,Disney,2025-11-17 17:00:47+00:00,2776847,26801,6684,hd,60
$0 - $1 Trillion Only FISHING in Steal a Brainrot..,CaylusBlox,2025-11-17 22:57:14+00:00,1189857,16174,1827,hd,1082
ALLDAY PROJECT - ‚ÄòONE MORE TIME‚Äô M/V,THEBLACKLABEL,2025-11-17 09:00:07+00:00,5319161,0,12869,hd,203
La Lupa | Vendetta Hero Trailer | Overwatch 2,PlayOverwatch,2025-11-17 17:00:06+00:00,597542,41742,4728,hd,215
I Shouldn‚Äôt Have Went Christmas Shopping‚Ä¶,CaseOh,2025-11-17 23:01:11+00:00,296652,10565,676,hd,4431
Charli xcx - Chains of Love (Official Video),Charli xcx,2025-11-17 17:00:56+00:00,333414,33124,1778,hd,193
Wake Up Dead Man: A Knives Out Mystery | Official Trailer | Netflix,Netflix,2025-11-17 14:00:00+00:00,1925626,34578,1248,hd,123
It's all crashing down..,Asmongold TV,2025-11-18 02:00:35+00:00,755718,26231,5285,hd,1033
DeeBaby  - Pain Gon Come (  Official Music Video ),Official DeeBabyTV,2025-11-17 19:00:57+00:00,92297,4674,306,hd,176
Five Nights at Freddy's 2 | Rage,Universal Pictures,2025-11-17 17:01:35+00:00,356239,22033,1270,hd,33
"Steal A Brainrot, But Everything I Touch Turns OWNER..",KAYE,2025-11-17 22:00:51+00:00,306602,5306,2056,hd,1046
Fine Chiki,JNR VIGI - Topic,2025-11-07 06:58:26+00:00,79628,2581,76,hd,222
IT: Welcome to Derry | Midseason Trailer | HBO Max,HBO Max,2025-11-17 03:00:38+00:00,599589,24027,1424,hd,94
Friday Night Funkin: The Lost Episode,CoryxKenshin,2025-11-16 20:05:03+00:00,2137798,233435,22070,hd,2155
KAROL G - PROVENZA (Letra/Lyrics),FirePlay,2025-11-16 14:48:58+00:00,234277,406,4,hd,207
Avatar: Fire and Ash | In Theatres December 19,Avatar,2025-11-18 02:56:47+00:00,126113,8433,574,hd,60
THE GAME AWARDS 2025 Nominees Revealed!,thegameawards,2025-11-17 17:14:13+00:00,781412,43744,6522,hd,612
"God, Save Me From Myself (Ashes of Eden)",WizFlow Tunes - Topic,2025-11-14 11:15:54+00:00,150998,6224,65,hd,175
The Legend of Zelda - First Trailer (2027) Nintendo | Sony Pictures,Teaser Universe,2025-11-17 15:50:06+00:00,62431,712,168,hd,70
They Made A Fun Slot Even More Fun,Vegas Matt,2025-11-17 16:45:00+00:00,274341,11594,1934,hd,3872
When You're Gone,Sean Rii - Topic,2025-11-06 10:00:03+00:00,141507,4357,268,hd,208
BFDIA 23 TRAILER ‚Äî TICKETS NOW AVAILABLE!,jacknjellify,2025-11-16 18:00:24+00:00,454534,28397,7830,hd,38
üî¥ LIVE! - WINNING in SOLO FORTNITE SIMPSONS!,Typical Gamer,2025-11-18 08:20:26+00:00,152530,1300,8,hd,16339
"Romeo Santos, Drake - Odio (Letra)",SabroS√≥n,2025-11-10 23:00:21+00:00,142572,252,0,hd,226
YEEPS PLUSH PETS REVEALED | Official Launch Trailer,Yeeps Official,2025-11-17 18:00:06+00:00,31815,1326,492,hd,65
I Ranked Every Viral Roblox Game,Ludwin,2025-11-17 20:00:43+00:00,259679,9856,716,hd,2886
NCT DREAM ÏóîÏãúÌã∞ ÎìúÎ¶º 'Beat It Up' MV,SMTOWN,2025-11-17 09:00:34+00:00,2942637,172216,11650,hd,209
Chibi Reacts to The Super Mario Galaxy movie Trailer!,chibidoki,2025-11-17 19:01:04+00:00,98459,7025,418,hd,415
BUILDING a ZOO in Roblox,SSundee,2025-11-17 22:00:46+00:00,258944,10459,591,hd,1177
Kronos_StyleKumul - Daddy Raus (Official Music Video),KronosStyleKumuVEVO,2025-11-10 14:47:48+00:00,27907,681,36,hd,257
"IT Welcome To Derry Episode 5 Trailer | Mid-Season Teaser Breakdown, Hidden Details & Easter Eggs",Heavy Spoilers,2025-11-17 12:00:55+00:00,76944,2938,350,hd,878
World at War,World at War,2025-11-03 04:49:10+00:00,0,0,0,sd,0
Roc√≠o D√∫rcal - Hoy Lo Vi Pasar (Letra),Latin Love,2025-11-11 17:45:06+00:00,451946,2230,40,hd,203
IT Welcome To Derry Episode 5 Trailer: He‚Äôs Back!,Emergency Awesome,2025-11-17 21:10:21+00:00,39549,1586,237,hd,785
Beating Clubstep in 1 day,Jynxzi,2025-11-18 01:33:46+00:00,287960,5385,200,hd,9977
I'll Burn This Bitch Down,Unbound Music - Topic,2025-11-14 05:17:15+00:00,100109,6440,0,hd,240
Night Patrol | Official Trailer | Shudder,Shudder,2025-11-17 16:28:22+00:00,89385,3057,288,hd,145
Everything I Say COMES TO LIFE in Steal a Brainrot!,CashBlox,2025-11-17 15:00:02+00:00,493990,7389,4660,hd,896
Money,Cardi B - Topic,2025-11-13 01:58:33+00:00,130717,1870,15,hd,184
Dhurandhar Official Trailer | Ranveer Singh | Aditya Dhar | In Cinemas 5th December 2025,JioStudios,2025-11-18 06:50:49+00:00,1458727,108666,9231,hd,248
ONE GIRL at the ALPHA WOLF School!,Aphmau,2025-11-17 21:34:19+00:00,203329,6359,642,hd,1111
"Bowling For Soup, Punk Rock Factory, Wheatus - Endless Possibility",BowlingForSoupVEVO,2025-11-17 14:01:33+00:00,66550,13250,1108,hd,236
IT: Welcome to Derry (2025) | Episode 5 Trailer | HBO Max,TeaserCon,2025-11-17 01:30:35+00:00,157413,2686,213,hd,38
The best MULTIPLAYER Backrooms game's FULL RELEASE is here. (Escape The Backrooms 1.0 - ALL Endings),8-BitRyan,2025-11-17 19:00:44+00:00,149274,10026,625,hd,10987
Hace Tiempo En El Gabacho,Cris Mejia - Topic,2025-11-14 04:53:21+00:00,36443,600,24,hd,203
The Beatles Anthology | Official Trailer | Disney+,The Beatles,2025-11-17 14:55:08+00:00,116340,8170,529,hd,146
Can I Survive Infinite Goblins in Gnomoria?,Reggie,2025-11-17 13:50:09+00:00,462112,36697,1699,hd,2679
Hate me all you want,Breaking Rust - Topic,2025-11-13 10:03:49+00:00,93438,4764,52,hd,185
What The Hell Is Disney Doing With Moana??,DazzReviews,2025-11-18 01:26:26+00:00,41756,2061,423,hd,1054
Python Full Course for Beginners,Programming with Mosh,2019-02-18 15:00:08+00:00,46262391,1222760,61153,hd,22447
Python for Beginners - Learn Coding with Python in 1 Hour,Programming with Mosh,2020-09-16 13:00:20+00:00,23108733,530447,26468,hd,3606
But what is a neural network? | Deep learning chapter 1,3Blue1Brown,2017-10-05 15:11:25+00:00,21325565,511165,8487,hd,1120
AI Learns to Walk (deep reinforcement learning),AI Warehouse,2023-04-23 15:16:23+00:00,12181385,233272,9924,hd,520
AI Learns to Dodge  #ai #deeplearning #aiwarehouse,AI Warehouse,2024-07-20 04:11:42+00:00,11628193,524073,2175,hd,40
Deep Learning Cars,Samuel Arzt,2016-10-23 15:48:14+00:00,11360687,81443,2768,hd,199
Machine Learning for Everybody ‚Äì Full Course,freeCodeCamp.org,2022-09-26 16:00:28+00:00,9342497,98679,2163,hd,14033
"Gradient descent, how neural networks learn | Deep Learning Chapter 2",3Blue1Brown,2017-10-16 16:48:20+00:00,8389210,174312,3434,hd,1233
AI Learns Insane Way to Jump,AI Warehouse,2024-03-25 22:08:29+00:00,7108310,281551,1396,hd,50
AI Learns to Play Soccer (and breaks physics),AI Warehouse,2025-05-31 23:14:58+00:00,6012177,93909,4031,hd,744
"Backpropagation, intuitively | Deep Learning Chapter 3",3Blue1Brown,2017-11-03 14:03:37+00:00,5587310,98603,1697,hd,767
Machine Learning | What Is Machine Learning? | Introduction To Machine Learning | 2024 | Simplilearn,Simplilearn,2018-09-19 14:57:02+00:00,5273116,66588,2168,hd,472
Artificial Intelligence Full Course | Artificial Intelligence Tutorial for Beginners | Edureka,edureka!,2019-06-02 08:53:49+00:00,4686811,88593,982,hd,17571
Large Language Models explained briefly,3Blue1Brown,2024-11-20 15:07:15+00:00,4364236,141612,1927,hd,478
Learn Data Science Tutorial - Full Course for Beginners,freeCodeCamp.org,2019-05-30 12:48:19+00:00,4231800,87338,1383,hd,21129
Harvard CS50‚Äôs Artificial Intelligence with Python ‚Äì Full University Course,freeCodeCamp.org,2023-08-10 14:17:52+00:00,4222472,117312,1659,hd,42682
Python Full Course for Beginners [2025],Programming with Mosh,2025-02-12 12:30:31+00:00,4210215,103307,2724,hd,7341
"Stanford CS229: Machine Learning Course, Lecture 1 - Andrew Ng (Autumn 2018)",Stanford Online,2020-04-17 20:07:45+00:00,3971220,52634,853,hd,4520
Machine Learning Full Course - Learn Machine Learning 10 Hours | Machine Learning Tutorial | Edureka,edureka!,2019-09-22 08:30:00+00:00,3517098,61981,1346,hd,34712
What Is AI? | Artificial Intelligence | What is Artificial Intelligence? | AI In 5 Mins |Simplilearn,Simplilearn,2019-04-30 14:30:01+00:00,3510814,40358,2854,hd,328
Backpropagation calculus | Deep Learning Chapter 4,3Blue1Brown,2017-11-03 14:08:09+00:00,3503534,71579,2287,hd,618
Python Machine Learning Tutorial (Data Science),Programming with Mosh,2020-09-17 13:00:03+00:00,3420549,75877,1979,hd,2983
"StatQuest: Principal Component Analysis (PCA), Step-by-Step",StatQuest with Josh Starmer,2018-04-02 20:06:10+00:00,3411541,68347,4804,hd,1318
TensorFlow 2.0 Complete Course - Python Neural Networks for Beginners Tutorial,freeCodeCamp.org,2020-03-03 15:44:00+00:00,3402554,72326,1991,hd,24728
PyTorch for Deep Learning & Machine Learning ‚Äì Full Course,freeCodeCamp.org,2022-10-06 14:13:05+00:00,2941564,59903,1812,hd,92246
How word vectors encode meaning,3Blue1Brown,2024-04-11 16:23:26+00:00,3120589,140106,1274,hd,60
Practical Machine Learning Tutorial with Python Intro p.1,sentdex,2016-04-11 00:18:14+00:00,2867904,28598,1023,hd,355
Google‚Äôs AI Course for Beginners (in 10 minutes)!,Jeff Su,2023-11-14 13:00:33+00:00,2855706,48236,2239,hd,558
How to Operate a Portable Mini Sewing Machine FHSM 505 - NEX Sewing Machine,Easy Sewing for Beginners,2020-09-09 09:15:24+00:00,2843275,54293,2975,hd,900
"Building a neural network FROM SCRATCH (no Tensorflow/Pytorch, just numpy & math)",Samson Zhang,2020-11-24 15:36:37+00:00,2648386,93800,1605,hd,1888
99% of Beginners Don't Know the Basics of AI,Jeff Su,2024-09-03 13:00:49+00:00,2525385,56497,1885,hd,612
Deep Learning Basics: Introduction and Overview,Lex Fridman,2019-01-11 16:47:40+00:00,2503859,46148,908,hd,4086
"AI, Machine Learning, Deep Learning and Generative AI Explained",IBM Technology,2024-08-05 11:00:52+00:00,2471570,58941,1511,hd,601
Prompt Engineering Tutorial ‚Äì Master ChatGPT and LLM Responses,freeCodeCamp.org,2023-09-05 14:36:07+00:00,2439346,60236,1084,hd,2496
What is Machine Learning?? Dr Tanu Jain Interview #upscinterview #upscaspirants #shortsfeed #fypage,UPSC Brilliance,2025-02-17 14:31:02+00:00,4391676,82870,424,hd,20
AI Learns Red Light Green Light (reinforcement learning),AI Warehouse,2025-08-30 18:17:15+00:00,2311265,70385,4153,hd,763
Machine Learning Course for Beginners,freeCodeCamp.org,2021-08-30 13:23:10+00:00,1933887,55410,1397,hd,35539
Which Course is Best to Master AI?! üéì| Tamil CEO Sidd Ahmed,Sidd Ahmed,2023-12-06 15:14:33+00:00,2055113,103382,606,hd,58
11. Introduction to Machine Learning,MIT OpenCourseWare,2017-05-19 14:22:40+00:00,1773186,25461,468,hd,3091
5 AI tools for all Codersüôåüèª,Apna College,2023-04-24 16:36:00+00:00,1806217,204903,364,hd,60
What is Machine Learning? | 100 Days of Machine Learning,CampusX,2021-03-13 16:15:53+00:00,1718265,18450,803,hd,1200
Complete Statistics For Data Science In 6 hours By Krish Naik,Krish Naik,2022-06-19 04:28:36+00:00,1694458,31695,869,hd,19712
Markov Chains Clearly Explained! Part - 1,Normalized Nerd,2020-10-25 12:40:25+00:00,1689074,35117,758,hd,564
Stanford CS229 I Machine Learning I Building Large Language Models (LLMs),Stanford Online,2024-08-27 22:02:57+00:00,1670211,44355,387,hd,6271
Support Vector Machines Part 1 (of 3): Main Ideas!!!,StatQuest with Josh Starmer,2019-09-30 18:45:50+00:00,1646581,37930,2215,hd,1232
Complete Machine Learning In 6 Hours| Krish Naik,Krish Naik,2022-05-28 04:37:31+00:00,1625900,26723,655,hd,23872
Machine Learning FULL Course with Practical (10 HOURS) | Learn Free ML in 2025 | Part-1,WsCube Tech,2024-04-15 13:30:09+00:00,1597050,43241,1630,hd,37007
Machine Learning Tutorial Python -1: What is Machine Learning?,codebasics,2018-06-30 21:31:22+00:00,1594904,16731,270,hd,411
Machine Learning Fundamentals: Bias and Variance,StatQuest with Josh Starmer,2018-09-17 16:00:42+00:00,1587680,43291,1556,hd,396
Deep Learning | What is Deep Learning? | Deep Learning Tutorial For Beginners | 2023 | Simplilearn,Simplilearn,2019-06-03 14:30:00+00:00,1571115,25676,1028,hd,352
Learn Python - Full Course for Beginners [Tutorial],freeCodeCamp.org,2018-07-11 18:00:42+00:00,48004241,1108112,45864,hd,16012
I LEARNED CODING IN A DAY #shorts,Agnit Shorts,2023-03-17 04:30:00+00:00,31141877,1255613,810641,hd,41
Python Tutorial For Beginners In Hindi (With Notes) üî•,CodeWithHarry,2020-09-24 11:34:17+00:00,24863726,640459,122906,hd,42744
Coding - Expectation vs Reality | Programming - Expectation vs Reality | Codeiyapa #Shorts,Codeiyapa,2021-04-03 11:44:08+00:00,24690677,1119932,7478,hd,38
Python Full Course for free üêç,Bro Code,2021-02-15 15:00:12+00:00,21432510,987666,27797,hd,43200
Animation vs. Coding,Alan Becker,2025-03-01 13:00:06+00:00,15900984,663212,24497,hd,567
Python Tutorial For Beginners in Hindi | Complete Python Course üî•,CodeWithHarry,2024-06-16 05:36:24+00:00,15268966,315818,41749,hd,39235
Python Full Course‚ù§Ô∏è | Variables & Data Types | Lecture 1,Shradha Khapra,2024-01-26 15:31:21+00:00,12218294,202464,8123,hd,4939
Python Tutorial for Beginners | Learn Python in 1.5 Hours,Apna College,2021-12-02 16:36:14+00:00,11565187,266334,7968,hd,4632
12 Hour Coding Livestream - Creating an Online Game with Python,Tech With Tim,2019-10-18 05:31:30+00:00,11010627,214100,3180,hd,42901
Introduction to Programming & Python | Python Tutorial - Day #1,CodeWithHarry,2022-11-28 11:30:03+00:00,10624609,248480,31781,hd,710
Python Tutorial for Beginners - Full Course (with Notes & Practice Questions),Apna College,2024-02-12 14:24:29+00:00,10009276,162115,8521,hd,37491
How to Start Coding? Learn Programming for Beginners,Apna College,2022-01-25 17:54:00+00:00,9425030,345576,7629,hd,665
Python Tutorial for Absolute Beginners #1 - What Are Variables?,CS Dojo,2017-12-26 14:57:53+00:00,9361587,203407,8573,hd,1478
#0 Python for Beginners | Programming Tutorial,Telusko,2018-08-16 08:58:58+00:00,8997835,95477,1206,hd,66
"C++, Java or Python? Which language is best for College Placements in India",Apna College,2021-05-11 17:17:41+00:00,8912944,511622,2159,hd,60
Python for Everybody - Full University Python Course,freeCodeCamp.org,2019-05-02 12:05:54+00:00,7487045,194245,5044,hd,49210
Harvard CS50‚Äôs Introduction to Programming with Python ‚Äì Full University Course,freeCodeCamp.org,2023-05-01 13:55:40+00:00,7417912,202932,3955,hd,57468
Struggling with Python programming? Learn it in a  Simplest way #shorts #pythonprogramming,Error Makes Clever,2023-06-27 11:54:10+00:00,7469673,418527,1305,hd,61
Python Full Course for free üêç,Bro Code,2024-08-20 13:00:54+00:00,7272963,236014,13892,hd,43200
Python Tutorial for Beginners - Learn Python in 5 Hours [FULL COURSE],TechWorld with Nana,2021-03-05 14:10:17+00:00,6572989,167136,3998,hd,19890
Python Tutorial - Python Full Course for Beginners in Tamil,Error Makes Clever,2023-06-29 12:34:28+00:00,6547398,157040,5735,hd,34684
New Python Coders Be Like...,Mr. P Solver,2022-07-31 12:57:40+00:00,5431419,156100,3133,hd,133
How to become a Senior developer.. ‚ô•Ô∏è üòÇ #programming #javascript #python #coding #developer #coder .,DIVINE CLASSES AN INSTITUTION Of EDUCATION.,2024-07-20 14:48:32+00:00,6332543,200454,3029,hd,18
Python OOP Tutorial 1: Classes and Instances,Corey Schafer,2016-06-20 17:00:03+00:00,4829674,123109,3876,hd,924
12 Beginner Python Projects - Coding Course,freeCodeCamp.org,2020-12-09 16:03:12+00:00,4809354,123225,2370,hd,10829
Intermediate Python Programming Course,freeCodeCamp.org,2020-08-27 17:23:03+00:00,4226422,89483,1965,hd,21347
‡∞§‡±Ü‡∞≤‡±Å‡∞ó‡±Å‡∞≤‡±ã Python ‡∞®‡±á‡∞∞‡±ç‡∞ö‡±Å‡∞ï‡±ã‡∞Ç‡∞°‡∞ø | Learn Python Programming from Basics with Examples 2025,Sundeep Saradhi Kanthety,2020-10-28 10:12:08+00:00,4208543,95392,1756,hd,21166
üë©‚Äçüíª Python for Beginners Tutorial,Kevin Stratvert,2021-03-25 10:00:08+00:00,4106939,89491,3051,hd,3801
Learn Coding & Get a Job (in 2025) üî•,CodeWithHarry,2025-01-08 13:24:58+00:00,4070824,163635,5925,hd,1014
How Much A Python Developer Earn ? | Python Developer Salary In India #Shorts #simplilearn,Simplilearn,2024-06-04 14:05:38+00:00,4711452,165636,45,hd,46
Python for Beginners ‚Äì Full Course [Programming Tutorial],freeCodeCamp.org,2022-08-09 12:54:23+00:00,3945712,75028,1612,hd,16800
Python Tutorial for Beginners 1: Install and Setup for Mac and Windows,Corey Schafer,2017-05-17 15:30:00+00:00,3912372,46350,1383,hd,929
Lecture 2 : Strings & Conditional Statements | Python Full Course,Shradha Khapra,2024-01-28 10:19:31+00:00,3885379,51299,2660,hd,3341
Python Object Oriented Programming (OOP) - For Beginners,Tech With Tim,2020-03-29 17:02:09+00:00,3825531,103611,2779,hd,3186
How to Learn to Code,Gohar Khan,2025-07-09 19:17:24+00:00,5180273,217927,2819,hd,73
Some Amazing Python Programs - The Power of Python | Python Tutorial - Day #2,CodeWithHarry,2022-11-29 11:30:07+00:00,3411172,77142,3189,hd,518
How to confuse a Python Developer?,CodeWithHarry,2022-05-11 17:00:09+00:00,3981007,89440,1251,hd,15
Python in 100 Seconds,Fireship,2021-10-25 15:19:28+00:00,2951571,114053,1795,hd,144
EASY Python Mistake!! #python #programming #coding,b001,2023-06-17 19:08:22+00:00,3004855,139564,1909,hd,58
you need to learn Python RIGHT NOW!! // EP 1,NetworkChuck,2021-08-14 17:22:45+00:00,2788724,111764,5154,hd,1062
"100-Day Roadmap to Master #pythonprogramming  #javaprogramming , and #javascript",Coding With Sagar,2024-08-11 11:09:23+00:00,3340615,193262,1962,hd,61
Create a Spiderman using python coding |python programer| #tech #python #coding,Tech Owner,2022-06-28 04:40:16+00:00,2876992,117152,1177,hd,59
Python In Telugu For Beginners || Python Complete Course In Telugu || Python suresh techs || Python,Suresh techs,2021-05-29 02:30:14+00:00,2617324,57104,4101,hd,40383
Lecture 3 : List & Tuple in Python | Python Full Course,Shradha Khapra,2024-01-29 15:19:16+00:00,2491917,34224,1661,hd,2506
Python Full Course For Beginners [Tutorial] 2023 | Python One Shot | College Wallah,College Wallah,2023-09-24 13:30:12+00:00,2478113,53827,1437,hd,41934
Data Analytics FULL Course for Beginners to Pro in 29 HOURS - 2025 Edition,WsCube Tech,2024-01-07 13:30:10+00:00,7612848,210677,5817,hd,105227
"Python for Data Science - Course for Beginners (Learn Python, Pandas, NumPy, Matplotlib)",freeCodeCamp.org,2020-06-02 14:05:17+00:00,4567664,98284,1704,hd,44392
Data Science Full Course - Learn Data Science in 10 Hours | Data Science For Beginners | Edureka,edureka!,2019-08-18 08:30:02+00:00,4548678,90600,752,hd,37437
Data Science In 5 Minutes | Data Science For Beginners | What Is Data Science? | Simplilearn,Simplilearn,2018-12-04 14:30:01+00:00,4462089,62482,1101,hd,278
What REALLY is Data Science? Told by a Data Scientist,Joma Tech,2018-06-23 01:51:50+00:00,4089855,154299,3757,hd,633
"Data Analysis with Python - Full Course for Beginners (Numpy, Pandas, Matplotlib, Seaborn)",freeCodeCamp.org,2020-04-15 13:19:55+00:00,3955940,79316,1074,hd,15733
Statistics - A Full University Course on Data Science Basics,freeCodeCamp.org,2019-06-12 14:59:55+00:00,3554003,77271,1156,hd,29704
AI VS ML VS DL VS Data Science,Krish Naik,2019-11-26 14:40:58+00:00,2959071,70501,1783,hd,585
What is Data Science? | Complete RoadMap | Simply Explained,Apna College,2021-11-11 16:23:54+00:00,2657742,108710,2843,hd,474
"IBM Data Analyst Complete Course | Data Analyst Tutorial For Beginners,",My Lesson,2022-11-17 23:08:16+00:00,2596685,73753,851,hd,55103
What is Data Science? | Completely RoadMap | Simply Explained by Shradha Khapra Ma'am,Apna College,2023-09-13 15:15:55+00:00,2066589,73793,2397,hd,756
Data Science for Beginners | Google Advanced Data Analytics Certificate,Google Career Certificates,2023-04-06 17:00:03+00:00,1928768,1785,91,hd,5935
What is Data Science?,CodeWithHarry,2021-06-07 16:00:33+00:00,1909497,64869,1540,hd,390
Fix this before you choose Data Science! #datascientist #shorts #developer #programming,BEPEC,2021-07-08 12:38:50+00:00,1928437,58538,398,hd,31
Don't Become a Data Analyst if,Sundas Khalid,2024-08-13 14:08:48+00:00,2358888,62621,888,hd,60
Data Engineer vs Data Scientist #shorts,Income Interviews,2023-06-13 18:35:43+00:00,1889198,63727,423,hd,60
Data Analyst Explained in 1 Minute ! üìö #shorts #dataanalyst,Error Makes Clever,2023-05-21 08:29:54+00:00,1840771,124355,513,hd,59
Is Data Science Hard or Easy?? #dataanalytics #datascience,BEPEC,2023-05-16 13:57:18+00:00,1772439,89929,329,hd,59
Excel for Data Analytics - Full Course for Beginners,Luke Barousse,2024-10-14 12:01:06+00:00,1647329,42627,2162,hd,39583
All Machine Learning algorithms explained in 17 min,Infinite Codes,2024-09-17 08:57:32+00:00,1568337,59865,553,hd,990
How I Would Learn Python FAST (if I could start over),Thu Vu,2024-06-19 15:04:05+00:00,1471305,51961,1018,hd,739
How to become a Data Analyst? | Complete Roadmap for Data Analystüî•,CodeWithHarry,2024-07-16 11:30:17+00:00,1389516,46894,1590,hd,920
AI-ML Engineering Vs Computer Science Engineering which one would you choose?,CareerGuide.com,2025-06-13 05:04:46+00:00,1745232,43980,656,hd,45
Real Salary of Data Scientist in Bangalore!,Suman Mpm,2025-02-04 14:53:19+00:00,1733160,44988,294,hd,50
Build 12 Data Science Apps with Python and Streamlit - Full Course,freeCodeCamp.org,2021-01-07 15:24:06+00:00,1336420,32009,538,hd,11512
Data Science FULL Course for Beginners in 27 HOURS - 2025 Edition,WsCube Tech,2024-06-11 13:30:30+00:00,1324303,38295,973,hd,100125
Python for Data Science Full Course | Data Science Tutorials for Beginners in 2022 | Great Learning,Great Learning,2021-03-07 06:31:52+00:00,1284953,29330,838,hd,36728
How to learn Data Science? In Short,Apna College,2023-10-19 15:41:19+00:00,1303932,84256,274,hd,47
Data Analyst vs Data Scientist vs  vs Data Engineer | Difference Explained,Apna College,2024-01-13 15:03:11+00:00,1122469,36356,1329,hd,809
How much does a DATA SCIENTIST make?,Broke Brothers,2023-04-18 14:52:59+00:00,1126651,35556,327,hd,34
Full Guide Belajar CODING untuk Pemula üíªüìö,xaviera putri,2023-12-01 12:00:23+00:00,1105250,49504,1163,hd,1150
Learn SQL Beginner to Advanced in Under 4 Hours,Alex The Analyst,2024-10-08 12:00:27+00:00,1100219,21763,833,hd,14698
Intro a Data Science con Python Desde Cero,Frank Andrade,2021-12-28 17:00:46+00:00,1074896,13857,270,hd,13892
Data Engineer vs. Data Scientist ft. @eczachly_,Sundas Khalid,2024-11-18 15:08:49+00:00,1552154,39747,405,hd,53
Learn Machine Learning Like a GENIUS and Not Waste Time,Infinite Codes,2024-11-14 15:44:06+00:00,1066052,66417,704,hd,903
Python for Data Analytics - Full Course for Beginners,Luke Barousse,2024-06-07 12:01:05+00:00,1030756,28391,872,hd,40181
Software Engineer vs Data Scientist üòé ft. @SajjaadKhader & Megan,Sundas Khalid,2024-04-25 04:22:53+00:00,1271132,32844,308,hd,29
I can't STOP reading these Machine Learning Books!,Nicholas Renotte,2023-01-24 02:32:13+00:00,1189069,73052,250,hd,26
How much does a DATA SCIENTIST make? #shorts #ytshorts #techjobsin2minutes,Tech Stories in 2 Minutes,2024-06-19 15:00:40+00:00,1287173,31618,264,hd,35
Data Science Course for Beginners (11 Hours Data Science Tutorial),Great Learning,2020-02-03 12:56:37+00:00,1006830,29330,511,hd,40167
How I'd become a data analyst (if i had to start over) in 2025,Agatha,2024-01-12 14:00:27+00:00,966949,46020,1144,hd,537
Data Analyst Salary & Job Market in 2025 #DataAnalyst #DataScience #DataAnalystSalary  #BigData #ai,Zubani Jack,2024-10-16 11:45:53+00:00,1231493,40648,433,hd,50
AI vs ML vs DL vs DS: What's the Difference?,GeeksforGeeks,2025-01-25 03:30:15+00:00,1335691,55591,146,hd,62
Software Engineer Vs Data Science in 2025 üëÄ @meglovesdata,Sajjaad Khader,2025-05-12 14:44:00+00:00,1769525,27075,493,hd,32
HTML Tutorial for Beginners | Complete HTML with Notes & Code,Apna College,2022-03-22 15:30:08+00:00,26688082,494207,24551,hd,7560
How to Make a Website in 10 mins - 2025 Simple & Easy,Website Learners,2018-01-03 15:32:33+00:00,19583119,396640,16522,hd,742
HTML & CSS Full Course - Beginner to Pro,SuperSimpleDev,2022-02-05 16:41:52+00:00,17223417,313182,16949,hd,23484
"CSS Tutorial for Beginners | Complete CSS with Project, Notes & Code",Apna College,2023-06-04 16:32:22+00:00,15010531,177335,12936,hd,26304
JavaScript Course for Beginners ‚Äì Your First Step to Web Development,Programming with Mosh,2018-04-24 02:37:33+00:00,14584557,249667,7611,hd,2897
HTML Tutorial For Beginners In Hindi (With Notes) üî•,CodeWithHarry,2021-03-17 02:55:23+00:00,14441676,348594,29772,hd,11472
HTML Tutorial for Beginners: HTML Crash Course,Programming with Mosh,2021-01-11 14:30:10+00:00,10401400,228665,6170,hd,4174
"Introduction to HTML, CSS, JavaScript & How websites work? | Web Development Tutorials #1",CodeWithHarry,2019-12-25 08:12:47+00:00,8585440,217065,17155,hd,1107
"How I Learned to Code in 4 Months & Got a Job! (No CS Degree, No Bootcamp)",Tim Kim,2023-06-13 18:52:08+00:00,8353887,406991,8924,hd,591
Introduction to Web Development | World's most premium Web Development Course | Lecture 0 (Reupload),Apna College,2020-12-12 13:59:05+00:00,7247716,183565,6493,hd,668
JavaScript Tutorial Full Course - Beginner to Pro,SuperSimpleDev,2024-05-09 07:28:14+00:00,7193467,144353,8418,hd,80157
How To Make Website Using HTML & CSS | Full Responsive Multi Page Website Design Step by Step,GreatStack,2021-03-15 14:00:12+00:00,7088755,148681,5017,hd,4319
Installing VS Code & How Websites Work | Sigma Web Development Course - Tutorial #1,CodeWithHarry,2023-09-26 14:39:53+00:00,6385911,157559,38775,hd,1880
Web Development Full Course - 10 Hours | Web Development Course Roadmap 2024 | Edureka,edureka!,2019-07-28 08:30:00+00:00,6077042,123783,873,hd,37222
"JavaScript Tutorial (2024) for Beginners to Pro (with Notes, Projects & Practice Questions)",Apna College,2023-12-21 14:39:41+00:00,5617709,69149,3693,hd,42434
How To Create A Website using HTML & CSS | Step-by-Step Tutorial,PROROZ,2021-05-16 12:06:59+00:00,5568555,86786,3148,hd,1639
The Website üíÄ #designer #developer #web #shorts,NEXOS CREATOR,2025-06-14 11:13:11+00:00,14690733,187283,1135,hd,10
Power of CSS üòç #csstutorial #codinglover #coder #codingshortvideo #viral #trading,Code with Patel,2024-06-17 04:30:19+00:00,6002238,283396,2207,hd,14
Free open source UI elements for any project #productivity #webdevelopment #webdesign #uidesign,SetupsAI,2024-12-01 10:52:28+00:00,5367300,229221,519,hd,15
HTML & CSS Full Course for free üåé,Bro Code,2023-05-31 14:00:57+00:00,4739137,117684,3920,hd,14563
the untold history of web development,Fireship,2023-12-20 23:50:43+00:00,4985330,285142,3966,hd,54
Web Developer's Life be Like!,Copper Digital,2022-11-22 12:28:42+00:00,5143180,88139,776,hd,9
HTML Tutorial: Installing VS Code & Live Server | Web Development Tutorials #2,CodeWithHarry,2019-12-25 14:30:02+00:00,4497660,122886,4231,hd,1070
HTML Tutorial - How to Make a Super Simple Website,freeCodeCamp.org,2018-04-25 16:57:22+00:00,4067688,84097,2444,hd,2004
Learn HTML ‚Äì Full Tutorial for Beginners,freeCodeCamp.org,2022-03-08 16:34:38+00:00,3975980,71697,2399,hd,14850
How to Start Web Development? Complete Roadmap for FullStack Developer | 2022,Apna College,2022-04-16 15:16:43+00:00,3938455,172533,4196,hd,941
5 Websites for Freelancing,Apna College,2022-11-08 13:22:50+00:00,4131945,323026,531,hd,31
Web Design for Beginners | FREE COURSE,Envato Tuts+,2022-04-13 15:00:14+00:00,3905223,111386,1648,hd,19124
Belajar Membuat WEBSITE Dari 0 Sampai Di PUBLISH Untuk Pemula,Dea Afrizal,2022-07-15 01:26:15+00:00,3844534,109166,4936,hd,6935
Learn Web Design For Beginners - Full Course,Flux Academy,2024-02-02 12:00:44+00:00,3801506,79205,1850,hd,11251
Created Reptile | HTML | CSS | Javascript #youtubeshorts #trending #coding #animation #ai #learning,Shivin tutorial,2024-08-19 02:52:59+00:00,4083328,159126,1667,hd,15
What a typical day of a programmer can look like üíª #coder #softwareengineer,Khris Sheer,2022-11-10 00:47:29+00:00,4043430,88785,1257,hd,10
"Frontend Web Development Bootcamp Course (JavaScript, HTML, CSS)",freeCodeCamp.org,2022-08-24 13:07:36+00:00,3461568,98513,2028,hd,76482
"Full Stack ""Web Development"" Full Course - in 28 Hours | Learn Web Developer in 2025 with Projects",WsCube Tech,2023-01-01 13:30:04+00:00,3306774,88856,1775,hd,101808
Learn HTML in 1 hour üåé,Bro Code,2021-09-01 14:02:11+00:00,3230896,127708,4154,hd,3600
Django Tutorial for Beginners ‚Äì Build Powerful Backends,Programming with Mosh,2021-06-28 14:00:31+00:00,3224478,53881,2252,hd,3756
Building AMAZON Clone for Beginners | Project using HTML & CSS,Apna College,2023-06-21 17:15:09+00:00,3220239,58024,2160,hd,6076
Roadmap to Web Development | for Students,Apna College,2023-10-17 14:20:06+00:00,3496105,251348,620,hd,59
Learn web development as an absolute beginner,Coder Coder,2019-11-24 22:38:49+00:00,3132228,159848,3873,hd,777
How virus is created #webdevelopment #frontend #html #css #javascript #coding #javascripttricks,Yashu Developer,2025-03-05 14:16:41+00:00,5033334,0,1907,hd,42
Squares | HTML CSS,Learning Axis,2023-03-24 02:48:08+00:00,3206600,155055,970,hd,60
Figma tutorial for Beginners: Complete Website from Start to Finish,Flux Academy,2022-05-20 18:00:05+00:00,2961361,62725,1363,hd,2601
Mastering HTML Basics and Beyond | Your Ultimate Guide to Begin Web Development üíª in Tamil | EMC,Error Makes Clever,2023-08-08 12:36:00+00:00,2947915,66838,2969,hd,5978
"Full Stack Web Development for Beginners (Full Course on HTML, CSS, JavaScript, Node.js, MongoDB)",freeCodeCamp.org,2022-11-01 16:39:15+00:00,2940155,67114,1405,hd,26952
How to OVER Engineer a Website // What is a Tech Stack?,Fireship,2021-09-24 14:41:18+00:00,2866314,119805,3046,hd,680
How to become a UI UX Designer?,Apna College,2023-05-11 15:31:17+00:00,2934852,202027,565,hd,57
Benefits of being developer #webdevelopment #frontend #html #javascript #coding #javascripttricks,Yashu Developer,2025-02-13 13:53:04+00:00,4449781,170742,962,hd,21
Full Course Web Development [22 Hours] | Learn Full Stack Web Development From Scratch,Mehul - Codedamn,2022-04-26 05:00:18+00:00,2587161,87862,1030,hd,78515
Python Backend Web Development Course (with Django),freeCodeCamp.org,2021-07-01 16:51:03+00:00,2585150,57094,1185,hd,36712
Robot Vs Human Bake Off #shorts #artificialintelligence #cake #chocolate #chatgpt,Patrick Zeinali,2022-12-12 17:06:29+00:00,98730965,3596119,11101,hd,59
ARE THEY ROBOTS OR REAL PEOPLE!!üò≥ü§ñ #shorts #ai #robot #scary #artificialintelligence,Katie Feeney,2023-09-12 17:15:19+00:00,46409061,1784909,37090,hd,9
Future of AI: Robots Giving Birth in Hospitals? üè•üë∂ #robots #robot,Future Ai Robots,2025-03-19 11:01:40+00:00,55810726,176252,1049,hd,8
What if Rocks had Artificial Intelligence? + more videos | #aumsum #kids #children #cartoon #whatif,AumSum's Science,2024-07-05 11:30:08+00:00,16861575,7681,0,hd,618
"Robots Harvesting Rice Artificial Intelligence Robots can also work to harvest rice, which is grea",Robot Work 4.0,2024-10-22 00:23:55+00:00,16557591,195928,701,hd,12
The Truth about Artificial Intelligence and ChatGPT | Dhruv Rathee,Dhruv Rathee,2023-07-16 15:05:29+00:00,13034740,524968,31504,hd,1357
"Meet Chloe, the World's First Self-Learning Female AI Robot",AI Insider SHORTZ,2023-08-01 12:00:48+00:00,12056983,334725,27813,hd,31
2025 Humanoid Robot Exhibition Beyond Imagination #IRC #aiart,ÎØ∏Ïú† (MIUU AI) Î£©Î∂Å SPORTS LOOKBOOK AI„É´„ÉÉ„ÇØ„Éñ„ÉÉ„ÇØ,2025-06-08 13:02:22+00:00,26966112,168947,1321,hd,13
Artificial Intelligence: Last Week Tonight with John Oliver (HBO),LastWeekTonight,2023-02-27 07:30:08+00:00,11451321,204253,11346,hd,1673
Godfather of AI: They Keep Silencing Me But I‚Äôm Trying to Warn Them!,The Diary Of A CEO,2025-06-16 07:00:44+00:00,11360377,251223,28723,hd,5408
A.I. ‚Äê Humanity's Final Invention?,Kurzgesagt ‚Äì In a Nutshell,2024-08-06 14:00:09+00:00,11108848,306156,21118,hd,1003
The AI Safety Expert: These Are The Only 5 Jobs That Will Remain In 2030! - Dr. Roman Yampolskiy,The Diary Of A CEO,2025-09-04 07:00:34+00:00,10040019,218333,41609,hd,5258
How much does an AI ENGINEER make?,Broke Brothers,2023-05-20 11:30:11+00:00,9936719,308144,2420,hd,36
Buy an AI Humanoid Robot to Take Care of Your Baby #robot #ai #shorts,AI Robot Lab,2025-05-16 07:45:12+00:00,18874582,98577,613,hd,26
AI ‡§®‡•á ‡§ï‡§π‡•Ä ‡§™‡§∞‡•á‡§∂‡§æ‡§® ‡§ï‡§∞‡§®‡•á ‡§µ‡§æ‡§≤‡•Ä ‡§ö‡•Ä‡§ú‡§º‡•á‡§Ç üò® DISTURBING THINGS SAID BY A.I. ü§Ø #factsdastan #shorts,Facts Dastan,2023-01-03 14:29:58+00:00,9493369,979425,1407,hd,60
Ai Made In China,Plan3,2024-02-09 17:00:42+00:00,9714997,698879,3434,hd,39
Artificial Intelligence | 60 Minutes Full Episodes,60 Minutes,2023-12-30 13:00:02+00:00,9118589,95272,8037,hd,3210
It Begins: An AI Literally Attempted Murder To Avoid Shutdown,Species | Documenting AGI,2025-10-01 17:58:17+00:00,8941707,378276,36040,hd,835
AI Wisdom vs Human Wisdom: Sophia Robot‚Äôs Surprising Answer!,AITube,2024-04-01 16:30:52+00:00,9089745,262444,10216,hd,37
AI Slop Is Destroying The Internet,Kurzgesagt ‚Äì In a Nutshell,2025-10-07 14:00:17+00:00,8567809,724455,35714,hd,734
We're Not Ready for Superintelligence,AI In Context,2025-07-09 16:03:16+00:00,8508911,344231,33478,hd,2051
"üáÆüáπ Italy‚Äôs AI Athlete ‚Äì Pure Style, Pure Power  #robot #humanoid #Future  #Olympics #aiart",VS SEVEN,2025-05-20 17:45:03+00:00,18498928,151855,958,hd,27
Apple's AI Crisis: Explained!,Marques Brownlee,2025-03-29 02:41:29+00:00,8109636,202405,14709,hd,1012
Apple Intelligence vs Galaxy Ai‚ú® #Shorts,lifegoodd,2024-11-06 16:31:00+00:00,7999377,0,2756,hd,19
Hyper-realistic Robot at CES 2025! #robot #ai #shorts,Voices of Nightmare,2025-01-19 00:45:01+00:00,14119348,198103,13473,hd,39
Ai Is Only Dangerous For Ai,Facts' Mine,2025-02-03 03:31:00+00:00,9734984,721500,981,hd,40
"The cow warreped in millions of zombies üò≠ saved by farmers ,#ai #trending #farmer #humanity",Catfuntv,2025-03-22 13:04:38+00:00,8452616,93117,867,hd,23
"The cow covered in millions of octopus üò≠ rescue team saved her , #ai #trending #rescue #cow",Catfuntv,2025-03-16 13:00:39+00:00,7781977,96347,292,hd,23
What if our Hands had Artificial Intelligence (AI)? + more videos | #aumsum #kids #children #whatif,AumSum's Science,2024-05-06 12:00:53+00:00,6679303,5906,0,hd,1839
Real life Vs AI. Part 11,Jiemba Sands,2025-07-31 13:45:00+00:00,12370553,295909,841,hd,17
Elon Musk on A.i | Sophia the humanoid Robot ü§ñ,Inspiring Codes,2023-04-30 20:07:12+00:00,6970615,0,4509,hd,19
How AI is Changing the World!,Dhruv Rathee Shorts,2023-07-22 12:33:53+00:00,6188894,409833,2364,hd,60
Silicon Valley Secrets: Inside the AI Robotics Lab ‚Äì Ep.2 #AIrobot #SiliconValley,AI Robot Lab,2025-09-20 06:36:04+00:00,12034736,69990,1439,hd,20
FINALLY! India Begins 'COMPULSORY' AI Education in Schools! #shorts,FactTechz,2025-10-18 00:30:02+00:00,8551072,437735,3378,hd,59
CHAT GPT ‡§î‡§∞ Artificial Intelligence | ‡§ï‡•à‡§∏‡•á GPT USE ‡§ï‡§∞‡•á‡§Ç | ROBOTS V/S HUMANS | JOBS RISK | Alakh GK,Alakh GK,2023-06-21 16:22:23+00:00,4747144,139768,3163,hd,1789
Artificial Intelligence Out of Control: The Apocalypse is Here | How AI and ChatGPT End Humanity,The Why Files,2023-07-07 01:00:11+00:00,4700822,189600,19686,hd,2628
Squid Game AI Edible Slime ASMR #squidgame #squidgame2 #ai #asmr,A.I.C,2025-05-24 04:05:04+00:00,13101317,48193,305,hd,8
INDIA is Literally CRAZY in AI USAGE - World's BIGGEST AI Company CEO Says #shorts,FactTechz,2025-04-09 23:29:00+00:00,6713010,430693,3362,hd,55
How China Is Using Artificial Intelligence in Classrooms | WSJ,The Wall Street Journal,2019-10-01 17:20:56+00:00,4289580,82564,12746,hd,344
I Expanded Memes Using Artificial Intelligence...,KingSammelot,2023-11-18 16:00:22+00:00,4237409,69330,9228,hd,1283
Sam Altman Shows Me GPT 5... And What's Next,Cleo Abram,2025-08-08 00:09:36+00:00,4190019,92871,9063,hd,3907
"Ex-OpenAI Scientist WARNS: ""You Have No Idea What's Coming""",AI Upload,2025-07-16 21:51:04+00:00,4148571,51823,16786,hd,1094
"Godfather of AI WARNS: ""You Have No Idea What's Coming""",The Diary Of A CEO Clips,2025-09-27 18:00:03+00:00,4073415,60814,11599,hd,1257
The Future of Artificial Intelligence By Sandeep Maheshwari | Will ChatGPT Take Your Job?,Sandeep Maheshwari,2023-05-11 06:38:09+00:00,4061251,136338,6150,hd,915
"""Godfather of AI"" Geoffrey Hinton: The 60 Minutes Interview",60 Minutes,2023-10-09 12:03:13+00:00,3878052,52101,3935,hd,792
AI 2025 vs AI 2023,Meme Zee,2025-03-19 11:23:29+00:00,6662779,237323,3099,hd,8
Nobel Prize Winner Says ‚ÄòAI is The MOST DANGEROUS Invention Ever‚Äô Sir Geoffrey Hinton #shorts,FactTechz,2025-07-13 00:30:20+00:00,5865843,373669,2179,hd,101
AI 2027: A Realistic Scenario of AI Takeover,Species | Documenting AGI,2025-05-28 20:53:33+00:00,3834848,114674,18198,hd,2265
THE REAL SPAGHETTI O‚ÄôS ‚Äã@cookingwithkian,itsQCP,2024-02-06 20:09:34+00:00,272007073,6419768,18878,hd,44
1000 SAMOSA RECIPE BY MY GRANNY | STREET FOOD | INDIAN RECIPES | PERFECT SAMOSA | POTATO RECIPES,Veg Village Food,2020-06-19 12:30:05+00:00,149137658,935451,30939,hd,603
Hari mirche jyada daal di.ü§£ #cooking #food #recipe #vlog #vlogging #dailyvlog #lifestyle #shorts,Loveneet Valecha,2025-07-29 07:51:35+00:00,277083247,1896030,2452,hd,23
Java Plum Jaam #Shorts,Side Dish Recipes,2024-06-04 12:30:13+00:00,146231267,3144888,3503,hd,59
Black Forest Cake #shorts,Great Indian Asmr,2023-12-20 12:14:05+00:00,139348543,5235613,10157,hd,59
Dhaba Style Egg Curry ASMR Cooking | #shorts #food #cooking #recipe #eggcurry #egg #nonveg #viral,Indian ASMR World,2023-04-25 07:30:05+00:00,114431962,3418128,4068,hd,52
Special Cheesy Bread Omlet Recipe üòç | indian street food | street food india | egg recipes,Yummy Food,2021-05-16 20:30:42+00:00,111782894,0,7859,hd,60
Anda Tawa Fry ASMR Cooking || #food #cooking #shorts #indianasmrworld #nonveg #egg,Indian ASMR World,2023-12-12 07:27:00+00:00,93090333,3210440,3796,hd,53
This idea was a special by you guys! So here‚Äôs Noodles without Noodles üòâ‚ù§Ô∏è,Cookd,2024-06-25 13:33:11+00:00,97124017,2702674,7292,hd,49
10 MILLION TINY FISHES | Ayira Meen | Rare River Fish Cleaning and Cooking In Village | Fish Recipes,Village Cooking Channel,2022-03-26 14:34:19+00:00,76409272,784052,11524,hd,534
Sheer Khurma Recipe | Special Eid Recipe | Sweet Dish | Cooking CH,Cooking CH,2024-04-08 02:49:15+00:00,74141865,2013487,5470,hd,58
Cooking A Whole Huge Ostrich! The Recipe Of The Dish That Everyone Was Waiting For,WILDERNESS COOKING,2023-10-01 13:00:33+00:00,68811595,484053,23873,hd,1512
Ye kyaa huaa üò© #food #cookingrecipes #shorts #youtubeshorts,Secret of yum,2023-12-17 11:15:25+00:00,68952679,2269403,2311,hd,60
Pistachio with Pomegranate flaver recipeü•úüî•#fruits #cooking #recipes #shorts,Ashkan Sadeghi,2024-11-12 15:28:40+00:00,68823812,1475705,2241,hd,61
FULL CHICKEN BIRYANI | Whole Chicken Biryani Cooking & Eating in Village | Arabian Biryani Recipe,Village Cooking Channel,2024-09-24 14:00:12+00:00,59910020,604286,7851,hd,525
This BINGHULU recipe is surprisingly delightful!,Little Remy Food üê≠üçù,2024-08-24 20:17:57+00:00,66731938,2197367,4455,hd,20
Kitkat Shakeüç´ü•§ #recipe #cooking #streetfood #eveningsnacks #foodie #indianfood #food #shorts,Loveneet Valecha,2025-05-14 07:30:08+00:00,122654238,1077520,2355,hd,20
Is Minecraft food any good #cooking #food #foodasmr #recipe,Louis Gantus,2024-03-02 19:58:27+00:00,59157893,0,10323,hd,52
Unique Chikkar Chole Recipeüòç #shorts #chole #trending,Foodies Food Court,2025-03-21 06:15:02+00:00,74392599,1554399,2311,hd,43
Perfect Cake Slices Made Easy,5-Minute Crafts HOUSE,2025-08-03 12:45:11+00:00,113393655,739579,537,hd,19
Paneer Shawarma Burger Makingü•µüî•|| Indian Street Food,bhukkad dilli ke,2024-12-05 06:30:10+00:00,58780648,1347777,2782,hd,45
Delicious Street Food Recipes - Satisfying Food Ideas #Shorts,Cooking Little,2022-04-15 13:03:51+00:00,50321955,1000759,2106,hd,34
How to cook salmon fish recipe #shortvideo #shorts #cooking #food #recipe,The Everyday Recipe,2024-11-25 16:27:24+00:00,50280390,1452828,11120,hd,59
Sirf 5 MIN mai ü§© Itna Tasty üíú Recipe #dinner #dinnerrecipe #lunch #lunchrecipe #dinnerideas #recipe,Chef Prateek's Kitchen,2024-09-04 12:35:34+00:00,50170445,1816984,5124,hd,59
Best Of Food Recipe ü§ó How To Make Delicious Miniature Cheetos Fried Chicken | By Tina Mini Cooking,Tina Mini Cooking,2024-01-06 13:00:15+00:00,44609921,684363,9252,hd,3950
Angara Chicken ASMR Cooking || #shorts #indianasmrworld #recipe #asmr #nonveg #chicken #streetfood,Indian ASMR World,2024-06-24 12:10:00+00:00,51749794,1877589,2245,hd,54
Street Style Ragda Pani Puri ASMR Cooking || #shorts #food #cooking #asmr #recipe #indianasmrworld,Indian ASMR World,2025-05-18 08:26:00+00:00,91421560,1161963,1064,hd,57
PRAWNS FRY | Crispy Shrimp Fry Recipe Cooking in Village | Tasty Fried Shrimp Seafood Recipe,Village Cooking Channel,2020-08-17 14:17:29+00:00,42249717,456338,8154,hd,605
Pistachio with Savory and sour flaver recipe üçãüßÇ#fruits #cooking #recipes  #shorts,Ashkan Sadeghi,2025-03-04 13:15:23+00:00,58894409,754186,1306,hd,60
10 minutes Healthy dahi wala Sandwich #food #bharatzkitchen #recipe #cooking,Bharatzkitchen Shorts,2024-05-23 12:07:13+00:00,42223852,1545577,1950,hd,55
Momos pizza recipe!!! #food #recipe #youtubeshorts #shortvideo #shorts,Secret of yum,2024-04-10 12:20:10+00:00,41790273,1445339,1313,hd,59
Papad cone recipe !! #recipe #food #shorts #youtubeshorts,Secret of yum,2025-03-23 11:04:59+00:00,47159467,1321678,2418,hd,59
Gym ke liye late ho gaya.ü•≤ #cooking #food #recipe #vlog #lifestyle #explorepage #dailyvlog #shorts,Loveneet Valecha,2025-10-25 07:47:20+00:00,78133831,745467,1417,hd,31
Egg Paratha? #shorts#shortsviral #shortsvideo #recipe,RecipeSima,2025-06-27 13:10:50+00:00,75495701,1004992,848,hd,35
COLORFUL SWEET | Coconut Laddu Recipe Cooking in Village | Farm Fresh Coconut Nariyal Ladoo Recipe,Village Cooking Channel,2025-02-08 14:02:26+00:00,37331561,181220,3085,hd,641
Cheap vs expensive burrito #cooking #food #foodasmr #recipe,Louis Gantus,2024-02-27 20:00:25+00:00,38395471,0,6193,hd,57
Ayeein üòÇüòÇye kaise hua???? #food #cookingrecipes #recipe #youtubeshorts #shortvideo,Secret of yum,2023-12-05 10:51:19+00:00,38266664,1427982,1886,hd,59
The end of an era #cooking #food #foodasmr #recipe,Louis Gantus,2024-03-18 19:05:08+00:00,37636490,0,18559,hd,46
"14 Amazing Potato Recipes!! Collections ! French Fries , Potato Chip , Potato Snack, Potato Sticks",Cooking Lee's,2022-12-12 12:30:30+00:00,34965480,314636,4713,hd,3085
Korean style burger !! #food #recipe #shorts #youtubeshorts #short,Secret of yum,2025-05-30 11:52:15+00:00,54741925,1057816,1246,hd,59
MUTTON DRY FRY | Varattu Kari | Chettinad Fried Mutton Recipe | Traditional Cooking in Village,Village Cooking Channel,2019-05-18 14:32:01+00:00,34362471,319634,5340,hd,604
üçûüíõ Rasmalai Bread Recipe | Instant Indian Dessert ü§Ø,The Flavor Queen,2025-09-02 12:24:01+00:00,74863185,915451,521,hd,17
Momos ü•üüòç #recipe #cooking  #indianfood #eveningsnacks #streetfood #youtubeshorts,Loveneet Valecha,2025-03-02 06:40:51+00:00,55225868,857130,1928,hd,29
Kadai paneer with garlic naan recipe!! #food #recipe #shorts #youtubeshorts #paneer,Secret of yum,2024-11-22 11:24:29+00:00,35651886,1061793,1453,hd,55
Hyderabadi Khagina | Celebrity Recipes | Food Prescription #shorts #youtubeshorts,Food Prescription,2025-02-10 15:30:18+00:00,44417159,806282,2663,hd,54
Mischen Sie einfach 3 Eier und Kartoffeln! Dieses Gericht wird jeden sofort beeindrucken!,Rezept hub,2025-03-05 14:19:26+00:00,30967363,280127,17167,hd,944
43 Easy 3-Ingredient Recipes,Tasty,2018-09-21 16:00:03+00:00,30760360,577082,15792,hd,1220
POTATO CHICKEN | Aloo Chicken | One Pan Chicken and Potatoes Recipe Cooking in Underground Baking,Village Cooking Channel,2024-12-09 14:01:19+00:00,30442897,293744,4057,hd,543
1000 MYSORE PAK | Traditional Mysore Pak Recipe Cooking in Village | Quick & Easy Sweet Recipe,Village Cooking Channel,2023-02-28 14:45:54+00:00,29868466,326215,7045,hd,494
Kurkure ki unique recipe!!! #food #shorts #shortvideo #youtubeshorts,Secret of yum,2025-02-18 11:00:24+00:00,35155718,792346,1306,hd,47
Sigma #bek_zufarr #workout #motivation #sigma #workoutmotivation,–ó—É—Ñ–∞—Ä –ë–µ–∫,2024-01-28 12:03:32+00:00,328933013,10879340,8347,hd,17
FAST Walking in 30 minutes | Fitness Videos,Walk at Home,2019-04-17 14:59:55+00:00,167318399,939090,26249,hd,1891
LOSE BELLY FAT IN 7 DAYS Challenge | Lose Belly Fat In 1 Week At Home | Cult Fit | CureFit,wearecult,2020-12-04 02:30:10+00:00,102394267,2154915,46035,hd,778
Exercise To Lose Weight FAST || Zumba Class,Zumba Class,2020-04-23 14:00:24+00:00,100753259,840567,14921,hd,1443
Easy Exercise To Lose Belly Fat At Home For Beginners - 35 Mins Aerobic Workout | EMMA Fitness,EMMA Fitness,2020-10-21 15:00:13+00:00,84806548,1046266,14778,hd,1943
Fat Burning Cardio Workout - 37 Minute Fitness Blender Cardio Workout at Home,FitnessBlender,2013-04-26 14:39:31+00:00,75500996,611008,1791,hd,2230
Wait for the end. Trust me üòÇüòÇ #fitness #workout #gym #workoutshorts #trainingshorts #worthit,Sara Saffari,2023-04-30 06:20:56+00:00,74365528,1784015,15019,hd,17
1.0 Mile Happy Walk | Walk at Home | Walking Workout | over 100M Views,Walk at Home,2015-12-11 20:48:16+00:00,73868904,451815,8421,hd,931
8 Best Exercises To Shrink Stomach Fat Fast,Roberta's Gym,2018-11-06 09:57:52+00:00,66670003,771358,21057,hd,636
20 MIN FULL BODY WORKOUT - Beginner Version // No Equipment I Pamela Reif,Pamela Reif,2019-09-01 10:12:36+00:00,63714019,791843,21113,hd,1315
"30 minute fat burning home workout for beginners. Achievable, low impact results.",Body Project,2019-03-24 20:07:35+00:00,57132127,669655,28284,hd,1752
30-Minute HIIT Cardio Workout with Warm Up - No Equipment at Home | SELF,SELF,2018-05-21 16:01:33+00:00,56674475,749083,20035,hd,1731
My go to Full Body Workout. No equipment. Anywhere,Senada Greca,2024-02-16 22:08:36+00:00,61911160,1476240,19737,hd,33
Full Body Warm-Up Routine for an Energizing Workout! #anatoly #workout #funny #fitness  #gym #prank,HealthPlus Tips,2023-07-22 18:04:22+00:00,70925521,915432,2449,hd,28
20 Minute Walk at Home Exercise | Fitness Videos,Walk at Home,2018-03-28 13:54:58+00:00,54725592,264039,5780,sd,1281
14 Days Weight Loss Challenge - Home Workout Routine,Roberta's Gym,2018-11-05 08:23:53+00:00,48667601,616714,30413,hd,1341
15 MIN HAPPY DANCE WORKOUT - burn calories and smile / No Equipment I Pamela Reif,Pamela Reif,2020-05-20 05:30:00+00:00,47753941,480302,7776,hd,866
The Fastest Weight Loss Exercise - Fat Burning by Aerobic Workout (Once a Day) | Eva Fitness,Eva Fitness,2020-05-19 13:00:12+00:00,47487031,485722,10346,hd,1824
28 Minute Full Body Workout To Get In Shape - Do This Workout Every Evening | EMMA Fitness,EMMA Fitness,2021-07-28 15:00:12+00:00,45024085,437519,3778,hd,1548
"Lose 20kg successfully! Anyone can do , let's succeed in dieting with Chinese exercise! #shorts",Wanyo mori,2024-10-02 06:31:21+00:00,59857636,1397949,5121,hd,60
30 MIN WALKING CARDIO WORKOUT | Intense Full Body Fat Burn at Home ~ Emi,emi wong,2022-02-27 13:49:54+00:00,40390789,618691,10444,hd,1817
No Gym Full Chest Workout At Home,Yash Anand,2020-03-20 13:33:17+00:00,40017448,1063439,19869,hd,354
30 mins BEGINNERS Workout | Lose 3-5 kgs in 1 month | BOLLYWOOD Dance Fitness Workout # 25,DanceWithDeepti,2020-11-02 02:00:00+00:00,36212162,523837,22553,hd,1787
Day 26 | RUKNA NHI HAI ‚ù§Ô∏èüéØ | #fatlosejourney #weightloss #motivation #gym #fitness #viral #trending,Aman Thakur,2025-02-04 03:46:44+00:00,39682527,1159001,4335,hd,61
"20 min Fat Burning Workout for TOTAL BEGINNERS (Achievable, No Equipment)",MadFit,2022-02-07 18:25:28+00:00,32087745,580787,14538,hd,1338
Try this üßòüèª‚Äç‚ôÄÔ∏è‚úîÔ∏è || camera man @vivek_99_fit  #pose #fitness #workout #explore #viralvideo,Neeru Saini,2024-12-23 12:30:01+00:00,53311984,1045557,1983,hd,20
Top Exercises | Lose Belly Fat | Tighten Your Waist | Get Rid Of Belly Fat With Simple Exercises,NL Fitness,2023-06-18 12:00:07+00:00,30946305,563836,12137,hd,505
Right vs wrong exercise #fitnessmotivation,Prem Fitness Club,2023-06-09 05:17:30+00:00,31749442,358826,637,hd,9
i have a vision ‚òùÔ∏èjoin my calisthenics beginner challenge - link in bio! #gym #fitness #workout,LilBigNanc,2024-07-11 16:12:32+00:00,30764445,2146545,4109,hd,11
7 DAY CHALLENGE / 12 MINUTE WORKOUT TO LOSE BELLY FAT / SPECIAL WORKOUT | Zumba Class,Zumba Class,2021-06-18 22:00:14+00:00,29384178,250695,2785,hd,740
20 Minute Full Body Cardio HIIT Workout [NO REPEAT],Juice & Toya,2021-10-13 23:30:10+00:00,28514756,628297,9311,hd,1743
Morning routine #ankitbaiyanpuria #fitness #workout #motivation #kusti,Ankit Baiyanpuria,2023-04-25 02:58:52+00:00,28022468,1816255,2354,hd,35
"20 MIN CARDIO HIIT WORKOUT - ALL STANDING - Full Body, No Equipment, No Repeats",Nobadaddiction,2023-09-12 11:00:09+00:00,26611490,433723,3800,hd,1668
35 Mins Exercises For Weight Loss | Best FULL BODY WORKOUT | Zumba Class,Zumba Class,2020-08-28 22:00:11+00:00,26349914,178175,2438,hd,1797
Top 10 Morning Exercises To Do At Home,Roberta's Gym,2020-01-23 11:22:28+00:00,26228430,315037,6494,hd,1191
weight loss exercises at home#yoga #weightloss #fitnessroutine #short,Do1Fit,2024-01-15 03:00:19+00:00,44118265,602427,1259,hd,6
Classic 2 Mile Workout by Walk at Home - DLCC3 - Steel City Series,Walk at Home,2021-10-20 12:00:12+00:00,25135280,168236,5342,hd,1812
Met some cool people at the last LA Expo! #fitness #workout,The Greatest Entertainer,2024-09-12 15:10:21+00:00,31588791,370615,1130,hd,26
25 MIN FULL BODY HIIT for Beginners - No Equipment - No Repeat Home Workout,growingannanas,2023-03-13 02:00:07+00:00,24924259,391768,10748,hd,1699
full-body exercises atüè†ÿ™ŸÖÿ±ŸäŸÜ ÿßŸÑÿ¨ÿ≥ŸÖ ŸÉÿßŸÖŸÑ ŸÅŸä ÿßŸÑŸÖŸÜÿ≤ŸÑ home No equipment @S7S_GYM,MUSCLE MANIA,2021-04-18 14:38:16+00:00,24869531,581428,2689,hd,991
At Home Core Workout | Clutch Life: Ashley Conrad's 24/7 Fitness Trainer,Bodybuilding.com,2015-07-21 19:19:53+00:00,24479047,280271,4775,hd,616
ÏùºÏ£ºÏùºÎßåÏóê Î±ÉÏÇ¥ ÎπºÍ∏∞üî•30Î∂Ñ ÏÑúÏÑúÌïòÎäî Î≥µÍ∑º Ïö¥Îèô - Ïä§ÏøºÌä∏X Îü∞ÏßÄX Ï†êÌïëX,MIZI,2022-12-14 08:00:31+00:00,23368292,326623,4219,hd,1858
30 Minute Morning Exercise Routine - Do This Every Day,Roberta's Gym,2020-04-01 12:37:53+00:00,22706041,225178,4498,hd,1870
exercise | exercise to lose weight fast at home | weight loss exercises at home,Master Arjun Yoga,2021-09-02 11:43:12+00:00,30534587,594369,2960,hd,7
10 Minute Abs Workout - Fitness Blender Abs and Obliques Routine,FitnessBlender,2013-03-01 15:12:56+00:00,21867945,119337,77,hd,631
FAT LOSE ‡§ï‡§∞‡•á HOME üè° workout üëà #youtubeshorts #shortvideo #fitness #workout,Javed fitness and 786,2024-12-27 02:30:36+00:00,21436665,505154,1617,hd,41
Brutal HIIT Ladder Workout - 20 Minute HIIT Workout at Home,FitnessBlender,2012-10-24 14:20:11+00:00,21202488,165337,482,hd,1245
20 Min Full Body Workout Routine for Beginners (Follow Along) | No Gym,Fit Tuber,2020-09-18 13:30:00+00:00,20357344,493213,16339,hd,1225
Do This Every Morning 20 min (low impact) full-body workout,growwithjo,2021-07-03 15:00:11+00:00,20177698,401502,13868,hd,1339
Standing Abs exercises to Flat Stomach,WORKOUT NATION,2022-12-20 08:25:09+00:00,36442760,389266,886,hd,8
Watch Vaishnodevi Trip Vlog on @Neelam_kukreja üòç #priyalkukreja #shorts,Priyal Kukreja,2024-06-20 10:30:30+00:00,265040795,4466137,2463,hd,37
Bungee ü•±Jumping With Rope In Beautiful Place Adventures #bungeejumping  #shorts #vlog,ADVEN,2022-10-09 06:01:40+00:00,210574394,3789870,6280,hd,9
Watch Vaishnodevi Trip Vlog on @Neelam_kukreja ü§© #priyalkukreja #shorts,Priyal Kukreja,2024-06-22 10:30:01+00:00,132319473,2817202,2504,hd,48
‡§ü‡•ç‡§∞‡•à‡§® ‡§Æ‡•á‡§Ç ‡§Æ‡§ø‡§≤‡§æ ‡§ï‡§Æ‡§∞‡§æ | Luxury Train Experience in India | First-Class Coupe Tour | Mini Vlog 2025,Explore With Priya,2025-01-14 13:01:00+00:00,123195668,1953611,798,hd,43
#146 Dinner and Breakfast in Rajdhani Express,therainbowgirl,2023-07-08 13:30:17+00:00,86027102,2661752,2782,hd,51
Watch Vaishnodevi Trip Vlog on ‚Äã‚Å†@Neelam_kukreja ü§© #priyalkukreja #shorts,Priyal Kukreja,2024-06-25 08:30:15+00:00,86295355,1508485,1754,hd,49
Watch Vaishnodevi Trip Vlog on @Neelam_kukreja ü§© #priyalkukreja #shorts,Priyal Kukreja,2024-06-23 10:30:17+00:00,80123846,1752190,1882,hd,43
Bike Ne Aukaat Dikha Di üíÄüíÄ #shorts #minivlog #ashortaday #vlog #tranding #travel #barish #dailyvlog,Sirf Shreyansh,2024-08-29 12:50:00+00:00,102084766,0,1041,hd,58
FIRST CLASS train FOOD in India #hindi #train,Priya and Sid,2024-09-09 12:18:46+00:00,85923024,3102672,5370,hd,60
SURPRISED Foreigners Order Lime & Soda in KERALA (Travel video) #Shorts #TravelShorts #indiafood,Those Happy Days,2023-02-08 11:04:26+00:00,64067697,2616215,15526,hd,32
#160 Atlast TRAIN arrives | Kerala Express,therainbowgirl,2023-07-22 13:30:25+00:00,55206659,1521641,1456,hd,46
Watch Vaishnodevi Trip Vlog on @Neelam_kukreja  üòç #priyalkukreja #shorts,Priyal Kukreja,2024-06-19 08:30:15+00:00,50313620,838345,1137,hd,43
Sisters Ep-26 | Gone Wrong!! Sister ‡§ï‡§æ Travel Vlog üòÇ| Badi Behen - Choti Behen #shorts ShortsBreak,Shorts Break,2022-12-24 03:30:04+00:00,42423507,2156747,2695,hd,56
What Breakfast is Eaten in America? ‚ù§Ô∏è (Hotel Food Travel Vlogs),USA RAJA Telugu vlogs,2023-05-25 12:30:54+00:00,27922159,463189,687,hd,21
Chalti Train Me PizzaüòÇüòÇ #shortvideo #minivlog #shorts #pizza #travelvlog,Traveler Ram,2023-03-30 14:22:15+00:00,26446511,1407821,1110,hd,55
12 HOUR ROAD TRIP WITH MY BOYFRIENDüòÖ #shorts #college #travel #traveling #roadtrip #relationship,Katie Feeney,2023-12-05 19:28:59+00:00,23952429,963035,3016,hd,57
My most expensive Vietnam trip cost and itinerary #minivlog #ytshorts #vietnam,wittySpace,2024-12-16 15:57:43+00:00,26091824,908602,2033,hd,60
What life in Afghanistan is like in 2023 #afghanistan #taliban #travelvlog #afghan,Chloe Jade Travels,2023-03-13 19:58:18+00:00,21728303,0,61444,hd,60
Desis Go to The Most EXPENSIVE Country | Switzerland,Slayy Point,2024-05-17 12:00:01+00:00,21162221,420414,9838,hd,1691
Flying First Class to Every Continent in 7 days,Trek Trendy,2023-11-22 20:30:05+00:00,20163801,169355,7879,hd,2725
"Capsule Hotel Day 2üìçStarlodge Adventure Suites, Peru üáµüá™ #hindi #vlog #travel",Priya and Sid,2025-03-06 08:10:44+00:00,28133815,822466,1167,hd,83
#76 Returning back to KOCHI,therainbowgirl,2023-04-26 13:30:31+00:00,19698225,961443,865,hd,50
Took my 8month daughter on her forst trek‚õ∞Ô∏è #travel #babyblogger #travelvlog,Dr Ambika Dutt,2024-08-21 05:56:25+00:00,18985347,745124,2872,hd,52
I lived in the Luxurious tiny apartment of Hong Kong #ytshorts #hongkong #tinyhouse #travel,wittySpace,2025-08-28 16:17:01+00:00,28867787,638354,939,hd,67
Place On Earth That Don't Feel Real #travel #explore #expectations #adventure #shorts,Green Cinematic,2025-01-11 01:30:34+00:00,22752407,294159,494,hd,18
Things I Learned in The Philippines (Part 2)! #travel #travelvlog #philippines #filipino,Dude Abroad,2024-01-22 04:57:31+00:00,17026008,0,13173,hd,56
My life's Biggest Decision ü´£ ! #tanyakhanijowshorts #travel #travelshorts,Tanya Khanijow,2023-03-26 11:30:09+00:00,13765713,573837,3318,hd,60
What i Eat in a Day While Travelling #minivlog #shorts,Swara Singh,2024-09-18 07:22:29+00:00,17331741,679519,3190,hd,60
#381 My FIRST Nightout at Visakhapatnam,therainbowgirl,2024-02-26 14:35:43+00:00,14250732,520445,1110,hd,60
And I would do it again üòç#explore #travel #travelblogger #travelvlog #morocco #relatable #vacation,Ayana Iman,2025-05-08 16:39:41+00:00,29791562,762391,3415,hd,11
‚Çπ200 wala 10 meüòÇ #minivlog #shorts,Traveler Ram,2023-07-07 03:00:16+00:00,13466702,746995,433,hd,59
Jaipur To Mumbai Journey üöÇ #mariakhan #shorts @sadimkhan03 @mukeem03,Maria Khan,2025-05-25 04:30:01+00:00,21916963,464693,1410,hd,60
I travelled 7 countries with only 50 thousand rupees  #ytshorts #minivlog #vlog,wittySpace,2025-06-30 14:56:12+00:00,19492072,599919,810,hd,72
#09 Time to say Goodbye to the family | Back to Keralaüèù #chuttidays,therainbowgirl,2023-01-02 13:15:49+00:00,12159389,660770,1163,hd,58
Comic con India ! #minitravelvlog #travelvideo #lucknowdairies #travelvlog #travel #tripvlog #vlog,Ravi Gupta Shorts,2023-12-10 05:35:28+00:00,13932097,422333,2434,hd,61
I found something very strange in Hong Kong #ytshorts #vlog #hongkong #china,wittySpace,2025-08-25 14:43:33+00:00,20523429,509228,831,hd,62
#377 Journey to Jagannath Puri begins,therainbowgirl,2024-02-22 13:30:35+00:00,11446081,423280,1423,hd,54
#520 Reached back KOCHI | Train Journey ENDS,therainbowgirl,2024-07-27 13:30:23+00:00,10471672,328349,657,hd,60
I traveled 4777 Kms for Fried Chicken!!üòÆüòã,Cassius Clyde Pereira,2025-09-25 13:00:15+00:00,16683690,501485,3225,hd,60
Pahado ki shadi üíïüòç #love #daizyaizy #travel,Daizy Aizy Vlogs,2025-04-21 11:39:38+00:00,18040928,528127,649,hd,41
"I entered the most restricted and sanctioned country in europe, Russia #minivlog #travel #ytshorts",wittySpace,2025-09-18 14:42:30+00:00,17758509,513021,1254,hd,70
"Unboxing the $22,000 Emirates FIRST Class!",Dhruv Rathee Vlogs,2023-01-11 16:20:00+00:00,9473272,158788,5546,hd,919
Banaras vlog. #minivlog #minitravelvlog #travelvideo #vlog #minitrip #travelvlog #food #tripvlog,Ravi Gupta Shorts,2024-01-30 08:50:10+00:00,11263666,484183,2584,hd,61
Charusheela going to Bangalore | Telugu mini vlogs | Travel vlogs | Telugu comedy vlogs | Tejaswi,TEJASWI ANUMOLE,2024-11-23 11:39:45+00:00,12047447,285946,606,hd,60
50 Best Places to Visit in the USA - Travel Video,touropia,2023-11-22 18:05:02+00:00,9071996,51323,1895,hd,3410
How many flags can you count? #travel #travelamore #traveling #travelvlog #trending #2024 #recap,Aakanksha Monga,2024-12-24 12:51:10+00:00,12243110,295266,3444,hd,14
A Police Fine In Thailand #thailand #travel #vlog,Dean McGarry,2025-01-11 10:15:26+00:00,8809956,451715,6610,hd,64
Breakfast #miniblog #bengali #kolkata #youtubeshorts #viral #bongjuti #travel #foodblogger,The Bong Juti,2024-04-26 02:52:28+00:00,10899109,314198,1102,hd,59
UNSEEN WONDERS | Hidden Places Even Locals Can‚Äôt Believe Exist | Travel Video 4K,New Travel Insight,2025-04-10 11:27:27+00:00,8674561,21963,1282,hd,4262
Pakistan India border üò±üò±‚õ∞Ô∏è #mountainswiev #mountains #nature #travel #vlog #adventure,Towards_nature,2025-08-08 14:22:50+00:00,19417681,107340,267,hd,8
Making a beat with a BABY! üò≠ü§£ #beatbox #musicproduction #loopstation,SungBeats,2024-08-02 17:58:36+00:00,369731024,3802072,22123,hd,21
"Jax Jones - Instruction ft. Demi Lovato, Stefflon Don",JaxJonesVEVO,2017-08-02 15:00:02+00:00,177942162,1638800,30054,hd,178
"HOW CHARLIE PUTH PRODUCED ""LIGHT SWITCH"" #charlieputh  #musicproducer",HOW SONGS ARE PRODUCED,2024-11-18 21:10:32+00:00,61537555,1843010,5019,hd,65
–° –º–æ–ª–æ–¥—É —Å–µ–¥–µ—é-–î–∞–Ω–∏–∫–æ –Æ—Å—É–ø–æ–≤-Toto Music Production,Toto Aydinyan,2020-12-18 16:00:11+00:00,24822493,104331,5936,hd,346
making a song from scratch! ‚ÄúLet‚Äôs Play House‚Äù by Beachcrimes,Beachcrimes,2024-01-25 21:41:36+00:00,21243113,581811,2654,hd,43
"See Charlie Puth Break Down Emotional Hit Song, ""Attention""",Rolling Stone,2017-10-03 20:11:46+00:00,17356389,380304,9954,hd,395
Can autotune fix bad singing‚ÅâÔ∏è ‚úÖ #autotune #musicproducer #musicproduction 90 tutorial on WholeLoops,nashoverstreet,2025-01-28 23:54:28+00:00,17016244,694034,8328,hd,81
"Students master DJing at The Audio Culture, guided by our amazing faculty! #dj  #music #producer",The Audio Culture Academy,2025-03-05 12:34:06+00:00,25928518,474279,332,hd,54
YouTube chopping??? #flstudio #musicproduction #sampletypebeat,finley.mp3,2025-01-03 00:45:59+00:00,22210845,1045603,9399,hd,11
This is talent üî• #singing #hitsong #music #producer #lauv #studio #recording,MusiciangoodsTV,2025-06-10 15:06:43+00:00,26133059,902779,3799,hd,20
Dani Printul Banatului si Sorina Ceugea  - Poveste de strada ( Show Music Production ),Show Music Romania,2014-06-07 17:21:06+00:00,13011010,90012,1891,hd,189
Origins of Famous PRODUCER Tags üîäüî•,Music Media,2025-01-27 18:50:50+00:00,14619883,805114,2423,hd,46
Music Producer Reacts to Doom Eternal,Emma Young,2023-04-18 19:11:29+00:00,10383837,349122,5166,hd,15
Back in the days #musicproducer #flstudio #musicproduction,finley.mp3,2025-05-27 11:22:57+00:00,21098627,478174,3136,hd,10
"·Äò·ÄØ·Ä∂·ÄÜ·Ä≠·ÄØ·ÄÑ·Ä∫·Äú·Ä±·Ä∏·Äô·Äæ·Ä¨·Ä°·Äû·Ää·Ä∫·Ä∏·Äú·Ä±·Ä∏·ÄÄ·ÄΩ·Ä≤·Äî·Ä±·Äê·Äö·Ä∫ '' ·Ä°·Äõ·Äæ·ÄØ·Ä∂·Ä∏·Äû·Äô·Ä¨·Ä∏·Äñ·Ä±·Ä¨·Ä∫·Äê·Ä≤·Ä∑·ÄÜ·Ä±·Ä∏ "" ·Äû·Ä¨·Ä∏·ÄÇ·Äî·Ä∫·Ä∏ _ Than Tun Aung Music Production ‚úî",Than Tun Aung (DJ Family),2025-01-25 03:49:30+00:00,9437944,52065,939,hd,211
How Much Producers CHARGE for Beats ü§Øüíµ,Music Media,2025-01-17 23:25:23+00:00,9785229,614805,1613,hd,39
This Is What Pure Talent Looks Like,Lutely,2025-06-23 20:35:12+00:00,14930043,306504,4436,hd,45
Music Producers Be Like‚Ä¶,Chung4Real,2024-12-03 21:02:12+00:00,10350649,449814,4584,hd,20
"How Charlie Puth Produced The Kid LAROI, Justin Bieber - ""STAY""",HOW SONGS ARE PRODUCED,2024-08-06 14:20:31+00:00,6973645,249474,753,hd,38
Why Timbaland is The Greatest Music Producer of All Time,Daniel Wall,2024-10-01 01:00:27+00:00,8252329,262874,1773,hd,37
Making a #1 Hit Song in 7 minutes?! ü§î‚òï #sabrinacarpenter #espresso #music,Rick Reverie,2024-09-02 01:16:20+00:00,5851097,304865,2334,hd,50
Finally Cruise is yours! ü•π #newmusic #cruise #ohmyroya #songwriting #musicproduction,ROYA,2024-07-07 14:41:29+00:00,7870799,201805,3475,hd,56
How Industry Music Producers Steal Your Melodies üïµÔ∏è‚Äç‚ôÇÔ∏è,Busy Works Beats,2022-11-02 18:52:09+00:00,5926823,310101,2695,hd,28
Pharrell was TOO High to Produce Stevie Wonder ü§£,Drum Plant,2024-12-06 21:04:41+00:00,5808651,393931,1203,hd,51
I wish I knew these tips when I started,Jamjoo Beats,2024-09-19 20:56:25+00:00,6060770,429421,1832,hd,40
Pro Music Producer goes Undercover in a Beat Battle,Kyle Beats,2024-11-23 16:11:21+00:00,4944620,132326,6882,hd,2004
fl studio ranked solo gameplay- diamond 2 division IV! #Reels #Music #flstudio,Servida Stream,2023-04-04 22:00:11+00:00,5053183,248258,2705,hd,61
"I Made A Song In 10 Minutes, 1 Hour, 100 Hours!",Alan Walker,2023-04-07 17:45:01+00:00,4395388,192806,4954,hd,660
bro was COOKING with the hi hats üî•üé©#producer #musicproducer  #flstudio #fyp #beat,ADRYNALYN,2025-11-09 20:37:18+00:00,7095580,209298,10117,hd,60
The best PRODUCER TAG‚Äôs in hip-hop! How many do you know? ü§î,DJ Precise,2024-03-18 17:45:23+00:00,4257536,230319,4891,hd,60
#Vidaamuyarchi theme making,Anirudh Ravichander,2024-11-29 16:19:20+00:00,5663039,211775,1432,hd,29
How Do People NOT Know This About Pop Music?,Rick Beato,2025-06-24 17:54:25+00:00,4029086,144209,23722,hd,551
FINNEAS Explains How He Builds Songs For Billie Eilish | Critical Breakthroughs | Pitchfork,Pitchfork,2020-04-22 17:00:01+00:00,3952402,179676,3985,hd,1052
#Micheal #Jackson and #Diana #ross #moneondabeat #music #musica #musician #musicproduction #yt,MoneOnDaBeat,2025-07-31 22:00:47+00:00,7834271,201115,4981,hd,40
TRAVIS SCOTT COOKS UP A CRAZY BEAT IN HIS HOME STUDIO! ü§Øüî• #travisscott #producer,Sauceware,2024-02-20 17:30:06+00:00,4285152,280480,2992,hd,60
How Benny Blanco Made The Biggest Songs in The World,Daniel Wall,2025-03-16 18:00:16+00:00,3694754,138328,5860,hd,4854
How Billie Eilish and FINNEAS Created Oscar-Winning 'What Was I Made For' | Vanity Fair,Vanity Fair,2023-12-07 13:30:01+00:00,3386024,131781,2766,hd,1115
music's most addictive rhythm,Synthet,2025-05-26 14:45:05+00:00,3331932,109009,1425,hd,120
Making Music with Apples                        #apple #music #audio,You Suck At Cooking,2024-08-15 17:34:19+00:00,3359740,183310,998,hd,15
Bring the Beat (Official Lyric Video) - Machel Montano ft. Tessanne Chin,Machel Montano,2016-07-08 12:15:27+00:00,3123293,22060,377,hd,218
"Learn Music, Singing & Rhythm - Mr. Rob Compilation for Kids - Solfege, Rhythm, Colors, Notes",Prodigies Music Lessons,2017-05-08 18:13:43+00:00,3016946,10500,0,hd,3184
Can autotune fix bad singing? ‚úÖ #autotune #musicproduction #musicproducer,nashoverstreet,2025-01-21 12:21:25+00:00,3533684,218139,2385,hd,60
RIRIN D A - TOMBO KANGEN (OFFICIAL LIVE MUSIC VIDEO) | DC PRODUCTION,DC. PRODUCTION,2025-06-03 09:00:11+00:00,2944206,9725,1089,hd,314
"·ÄÇ·ÄÆ·Äê·Ä¨·Äê·ÄÆ·Ä∏·Äï·Ä±·Ä´·Ä∑·ÄÄ·Ä≠·ÄØ·ÄÄ·Ä≠·ÄØ·Äõ·Äö·Ä∫  "" DJ REMIX "" Funky Night "" Than Tun Aung Music Production ‚úî",·¥Ö◊† —Ç–Ω·¥Ä…¥ —Çu…¥ ·¥Äu…¥‘ç o“ì“ìŒπc·¥Ä ü,2025-02-13 06:48:02+00:00,2826868,10670,145,hd,253
every trick to EAR CANDY,Synthet,2025-03-13 16:00:31+00:00,2676921,133599,2015,hd,505
3 Levels Of Melodies - NOOB vs PRO vs GOD,Memphy,2021-12-01 12:22:33+00:00,2605023,98768,2687,hd,513
Beginner Vs. Expert Music Producer: Can You Hear The Difference?,Servida Music,2022-04-21 21:00:17+00:00,2491145,114123,3113,hd,413
HOW TO: Setup a Home Music Studio for Beginners (2025),Edward Smith,2022-02-01 16:00:21+00:00,2478492,78947,1549,hd,774
"""what song is this again?"" Charlie Puth making Birds Of A Feather out of ""nothing""  | June 27, 2024",Charlie Puth Daily Updates,2024-06-28 05:27:28+00:00,2521296,176563,957,hd,59
BEGINNER HOME STUDIO SETUP (and why every musician needs one),Paul Davids,2021-05-14 12:50:45+00:00,2329156,86778,2288,hd,818
Age of Apes ads review new level: Worms invade the body #games #gaming #gameape,AOA Review,2024-08-18 11:00:00+00:00,178011159,2090110,126,hd,34
I HaTe GaMiNg!!.. So i ate My Setup üò°üéÆ (Gaming ASMR),Spizee,2025-05-02 13:00:42+00:00,49647879,461415,7504,hd,55
Game Critics,videogamedunkey,2017-07-08 19:30:00+00:00,17460508,385229,17637,hd,533
Roblox BANNED These Games..,CaylusBlox,2024-08-07 20:39:35+00:00,19254138,328274,2569,hd,38
Age of Apes ads review new level: Ape Uprising Begins #gaming #games #funny,AOA Review,2025-03-01 09:00:22+00:00,18836406,252066,33,hd,38
Top War Ads Review New Level 320 Update: Battle Game #games #gameplay #gaming,Game Ads,2025-04-25 08:00:21+00:00,17134811,89707,92,hd,42
Age of Apes ads review new level: Ape Hero #games #gameape #gaming,AOA Review,2024-11-03 14:01:00+00:00,11350278,159304,27,hd,31
Ranking ROBLOX Games‚Ä¶,Lana's Life,2024-09-17 00:42:30+00:00,8550937,294887,9402,hd,24
Age of Apes ads review new level: Strategy or chaos? Age of Apes ads #gaming #funny #games,AOA Review,2025-03-06 05:00:35+00:00,10830670,117783,36,hd,31
Red Dead Redemption 2 Review,IGN,2018-10-25 10:58:25+00:00,6691733,116567,13649,hd,440
Age of Apes ads review new level: Take over huge power #gaming #gameape #games,AOA Review,2024-11-09 11:00:20+00:00,6848158,142675,6,hd,34
Elden Ring Review,IGN,2022-02-23 15:00:00+00:00,5597720,108144,6624,hd,721
Worst IGN Reviews Ever,penguinz0,2022-11-07 19:00:21+00:00,5409697,139117,7402,hd,975
Top War Ads review New Level 615 Update:gameplay #game #gaming #gameplay #popular #gamingapp #shorts,Danish Gamerz,2025-08-25 10:31:51+00:00,9386124,35500,23,hd,33
Age of apes ads review new level: Attack on Titan #games #gaming,AOA Review,2024-05-01 01:00:20+00:00,6029605,117701,64,hd,32
Age of Apes ads review new level: Gorillas evolved #gaming #gameape #games,AOA Review,2024-10-24 05:00:00+00:00,6404302,99340,30,hd,34
Age of Apes ads review new level: Banana Wars #games #gameape #gaming,AOA Review,2025-01-11 08:00:08+00:00,5822188,95261,21,hd,37
The Comical World of the 287 WORST Game Reviews Ever - Caddicarus,Caddicarus,2020-05-04 01:32:29+00:00,4235246,77821,6853,hd,2407
Guess the Game from the Review? üéÆ @KingSammelot,Bundun,2025-02-07 13:00:27+00:00,4349112,258278,1980,hd,60
OnePlus 15 Review: This is Not Normal!,Marques Brownlee,2025-11-13 14:30:53+00:00,4121402,140230,9967,hd,772
25 Perfect 10/10 Games You MUST Play,GameVerseChamp,2024-10-19 12:00:47+00:00,3719493,44677,2769,hd,1892
Playing Match Villains Mobile Game Preview!üòé #shorts #gamereviews,MohanadPC,2025-09-04 04:00:00+00:00,7209783,30539,12,hd,34
F.E.A.R. Review,MandaloreGaming,2017-03-24 19:02:46+00:00,3050742,52329,2376,hd,1603
Top 10 Most Controversial Video Game Reviews,WatchMojo.com,2017-10-13 13:00:02+00:00,2964066,36237,6653,hd,600
My Nintendo Switch 2 Review (Doesn't Matter?),Marques Brownlee,2025-07-03 19:44:30+00:00,2901157,71022,4479,hd,797
How to be a Good Game Reviewer,videogamedunkey,2023-09-14 19:30:02+00:00,2835218,141614,6656,hd,349
Age of Apes ads review new level: The power of machines #games #gameape #gaming,AOA Review,2024-10-24 11:00:29+00:00,3270527,46576,10,hd,34
The Callisto Protocol Review,MandaloreGaming,2023-03-03 14:30:15+00:00,2663326,57073,4373,hd,2482
Squid Game Season 3 Was Bad,penguinz0,2025-06-29 01:45:08+00:00,2588611,105451,16068,hd,1173
Castlevania Series Retrospective | A Complete History and Review,I Finished A Video Game,2022-12-03 18:31:11+00:00,2413405,47065,7771,hd,26436
God Tier Steam Games,Get To It,2024-07-06 22:40:41+00:00,2369793,56007,2561,hd,684
Stray Review,IGN,2022-07-18 16:00:53+00:00,2371910,44476,2244,hd,481
Must Play Mobile Game-Epic War!üòé #shorts #gamereviews,MohanadPC,2025-09-01 16:00:04+00:00,3989971,18035,17,hd,46
Nintendo Switch 2 Review - a PC Gamer‚Äôs Perspective,Linus Tech Tips,2025-06-14 16:42:09+00:00,2215761,55720,5413,hd,972
Must Play Mobile Game-Epic War!üòé #shorts #gamereviews,MohanadPC,2025-08-22 22:00:09+00:00,3627659,14140,8,hd,38
Dead Space Remake Review,MandaloreGaming,2023-02-17 15:47:45+00:00,1939691,46882,3562,hd,2391
LGR - Elder Scrolls: Daggerfall - DOS PC Game Review,LGR,2014-07-18 05:13:04+00:00,1821586,33273,2073,hd,774
Why are Game Journalists So Bad at Videogames,Htwo,2023-10-13 14:00:44+00:00,1731807,58795,3636,hd,666
The Truth About Game Review,GothamChess,2023-06-21 19:20:00+00:00,1726605,52955,1676,hd,1403
Ghost of Yotei,videogamedunkey,2025-10-03 19:30:00+00:00,1705918,65920,1652,hd,547
The Most Embarrassing Moments in Gaming Journalism,MagicMush,2023-05-24 03:40:02+00:00,1648699,62781,6938,hd,1255
20 LEGENDARY Games Worth Revisiting in 2025,gameranx,2025-07-05 14:30:45+00:00,1646626,29619,2078,hd,2090
Dinosaur Game Ads Review 73 All Levels: Thrilling Survival in a Prehistoric World,Dino Review,2024-12-03 08:00:02+00:00,1578986,4419,6,hd,918
Elin Review | Taxation Not Optional‚Ñ¢,SsethTzeentach,2025-07-30 17:25:26+00:00,1571887,100532,3978,hd,824
Game of The Year 2025 is Going To Be A RIDICULOUS Fight,gameranx,2025-09-17 16:46:31+00:00,1596531,33624,7932,hd,1155
Ghost of Yotei - Before You Buy,gameranx,2025-09-25 21:41:42+00:00,1366391,45978,9598,hd,796
"‚Çπ50,000 PS5 vs ‚Çπ2000 Game Stick üò≤ü§Ø Who is the Real Winner ?? #shorts",Digidoty,2024-11-08 11:49:56+00:00,1576718,32917,327,hd,46
Arc Raiders - Before You Buy,gameranx,2025-10-31 21:57:47+00:00,1218921,28356,3146,hd,854
Clair Obscur: Expedition 33 Review,IGN,2025-04-23 09:00:23+00:00,1220485,16187,2947,hd,1068
Must Play Mobile Game-Epic War!üòé #shorts #gamereviews,MohanadPC,2025-08-24 16:00:39+00:00,2157893,7439,12,hd,32
